{
  "IsEncrypted": false,
  "Value": {
    "APPSETTING_FUNCTIONS_EXTENSION_VERSION": "~1",
    "APPSETTING_ScmType": "None",
    "APPSETTING_WEBSITE_AUTH_ENABLED": "False",
    "APPSETTING_REMOTEDEBUGGINGVERSION": "11.0.611103.400",
    "APPSETTING_AzureWebJobsDashboard": "",
    "APPSETTING_MarketingStorageUri": "",
    "APPSETTING_WEBSITE_NODE_DEFAULT_VERSION": "6.5.0",
    "APPSETTING_WEBSITE_CONTENTAZUREFILECONNECTIONSTRING": "",
    "APPSETTING_WEBSITE_CONTENTSHARE": "",
    "APPSETTING_WEBSITE_SLOT_NAME": "",
    "APPSETTING_AzureWebJobsStorage": "",
    "APPSETTING_WEBSITE_SITE_NAME": ""
  }
}